dn,capacity,max_length,new_price,reconstruction_price,shell,gap,width,height
50,3.5,181,74023,96180,0.125,0.150,0.400,0.125
65,8.3,245,78631,109989,0.140,0.150,0.430,0.140
80,13.2,327,83530,117582,0.160,0.150,0.470,0.160
100,22.3,419,89748,133694,0.180,0.150,0.510,0.180
125,40.2,554,97275,148030,0.225,0.150,0.600,0.225
150,65.1,696,105507,152295,0.250,0.150,0.650,0.250
200,152.3,1042,120275,181766,0.315,0.250,0.880,0.315
250,274.9,1379,135323,202030,0.400,0.250,1.050,0.400
300,437.4,1718,150022,228707,0.450,0.250,1.150,0.450
400,943.1,2477,190299,271317,0.560,0.250,1.370,0.560
500,1663.4,3245,224137,333884,0.710,0.250,1.670,0.710
600,2627.7,4037,264790,372703,0.800,0.250,1.850,0.800
700,3735.1,4775,324298,439571,0.900,0.250,2.050,0.900
800,5296.8,5644,325996,489918,1.000,0.250,2.250,1.000
900,7165.0,6518,327693,553607,1.100,0.250,2.450,1.100
1000,9391.8,7419,418777,606679,1.200,0.250,2.650,1.200
1200,15012.8,9288,428074,825692,1.425,0.250,3.100,1.425
1400,22501.9,11276,683417,978584,1.600,0.250,3.450,1.600
